<?xml version="1.0" encoding="UTF-8"?>
<StructureDefinition
    xmlns="http://hl7.org/fhir">
    <id value="VRDR-Autopsy-Performed-Indicator"/>
    <meta>
        <versionId value="6"/>
        <lastUpdated value="2019-10-20T01:04:37.000-04:00"/>
        <security>
            <system value="https://trifolia-fhir.lantanagroup.com/security"/>
            <code value="everyone^read"/>
        </security>
        <security>
            <system value="https://trifolia-fhir.lantanagroup.com/security"/>
            <code value="everyone^write"/>
        </security>
        <security>
            <system value="https://trifolia-fhir.lantanagroup.com/security"/>
            <code value="user^t370^read"/>
        </security>
        <security>
            <system value="https://trifolia-fhir.lantanagroup.com/security"/>
            <code value="user^t370^write"/>
        </security>
    </meta>
    <url value="http://hl7.org/fhir/us/vrdr/StructureDefinition/VRDR-Autopsy-Performed-Indicator"/>
    <version value="1.0"/>
    <name value="VRDR_AutopsyPerformedIndicator"/>
    <title value="VRDR Autopsy Performed Indicator"/>
    <status value="draft"/>
    <publisher value="Hi3 Solutions"/>
    <contact>
        <name value="AbdulMalik Shakir"/>
        <telecom>
            <system value="email"/>
            <value value="abdulmalik.shakir@hi3solutions.com"/>
            <use value="work"/>
        </telecom>
    </contact>
    <kind value="resource"/>
    <abstract value="false"/>
    <contextType value="resource"/>
    <context value="Observation"/>
    <type value="Observation"/>
    <baseDefinition value="http://hl7.org/fhir/StructureDefinition/Observation"/>
    <derivation value="constraint"/>
    <differential>
        <element id="Observation">
            <path value="Observation"/>
        </element>
        <element id="Observation.id">
            <path value="Observation.id"/>
            <short value="id"/>
            <definition value="MAY contain zero or one [0..1] id (CONF:4393-406)."/>
            <min value="0"/>
            <max value="1"/>
        </element>
        <element id="Observation.meta">
            <path value="Observation.meta"/>
            <short value="meta"/>
            <definition value="MAY contain zero or one [0..1] meta (CONF:4393-405)."/>
            <min value="0"/>
            <max value="1"/>
        </element>
        <element id="Observation.meta.profile">
            <path value="Observation.meta.profile"/>
            <short value="profile"/>
            <definition value="The meta, if present, SHALL contain exactly one [1..1] profile=&quot;http://hl7.org/fhir/us/vrdr/StructureDefinition/VRDR-Autopsy-Performed-Indicator&quot; (CONF:4393-407)."/>
            <min value="1"/>
            <max value="1"/>
            <patternString value="http://hl7.org/fhir/us/vrdr/StructureDefinition/VRDR-Autopsy-Performed-Indicator"/>
        </element>
        <element id="Observation.status">
            <path value="Observation.status"/>
            <short value="status"/>
            <definition value="SHALL contain exactly one [1..1] status=&quot;&quot;final&quot;&quot; (CONF:4393-412)."/>
            <min value="1"/>
            <max value="1"/>
            <type>
                <code value="code"/>
            </type>
            <fixedString value="final"/>
        </element>
        <element id="Observation.code">
            <path value="Observation.code"/>
            <short value="code"/>
            <definition value="SHALL contain exactly one [1..1] code=&quot;85699-7&quot; Autopsy was performed (CONF:4393-411)."/>
            <min value="1"/>
            <max value="1"/>
            <type>
                <code value="CodeableConcept"/>
            </type>
            <fixedCodeableConcept>
                <coding>
                    <code value="85699-7"/>
                    <display value="Autopsy was performed"/>
                </coding>
            </fixedCodeableConcept>
        </element>
        <element id="Observation.subject">
            <path value="Observation.subject"/>
            <short value="subject"/>
            <definition value="SHALL contain exactly one [1..1] subject=&quot;VRDR Decedent&quot; (CONF:4393-413)."/>
            <min value="1"/>
            <max value="1"/>
            <type>
                <code value="Reference"/>
                <targetProfile value="http://hl7.org/fhir/us/vrdr/StructureDefinition/VRDR-Decedent"/>
            </type>
        </element>
        <element id="Observation.value[x]">
            <path value="Observation.value[x]"/>
            <slicing>
                <discriminator>
                    <type value="type"/>
                    <path value="$this"/>
                </discriminator>
                <rules value="open"/>
            </slicing>
            <short value="value[x]"/>
            <definition value="SHALL contain exactly one [1..1] value[x], where value[x] is (CONF:4393-409)"/>
            <min value="1"/>
            <max value="1"/>
        </element>
        <element id="Observation.value[x]:valueCodeableConcept">
            <path value="Observation.valueCodeableConcept"/>
            <sliceName value="valueCodeableConcept"/>
            <short value="valueCodeableConcept"/>
            <definition value="valueCodeableConcept, which SHALL be selected from ValueSet v2-0532 http://hl7.org/fhir/ValueSet/v2-0532 DYNAMIC (CONF:4393-410)"/>
            <binding>
                <strength value="required"/>
                <valueSetReference>
                    <reference value="http://hl7.org/fhir/ValueSet/v2-0532"/>
                    <display value="v2-0532"/>
                </valueSetReference>
            </binding>
        </element>
        <element id="Observation.component">
            <path value="Observation.component"/>
            <short value="component"/>
            <definition value="SHALL contain exactly one [1..1] component (CONF:4393-414)."/>
            <comment value="Autopsy Results Available"/>
            <min value="0"/>
            <max value="1"/>
        </element>
        <element id="Observation.component.code">
            <path value="Observation.component.code"/>
            <short value="code"/>
            <definition value="This component SHALL contain exactly one [1..1] code=&quot;69436-4&quot; Autopsy results available  (CONF:4393-416)."/>
            <min value="1"/>
            <max value="1"/>
            <type>
                <code value="CodeableConcept"/>
            </type>
            <patternCodeableConcept>
                <coding>
                    <code value="69436-4"/>
                    <display value="Autopsy results available"/>
                </coding>
            </patternCodeableConcept>
        </element>
        <element id="Observation.component.value[x]">
            <path value="Observation.component.value[x]"/>
            <slicing>
                <discriminator>
                    <type value="type"/>
                    <path value="$this"/>
                </discriminator>
                <rules value="open"/>
            </slicing>
            <short value="value[x]"/>
            <definition value="This component SHALL contain exactly one [1..1] value[x], where value[x] is (CONF:4393-415)"/>
            <min value="1"/>
            <max value="1"/>
        </element>
        <element id="Observation.component.value[x]:valueCodeableConcept">
            <path value="Observation.component.valueCodeableConcept"/>
            <sliceName value="valueCodeableConcept"/>
            <short value="valueCodeableConcept"/>
            <definition value="This component SHALL contain exactly one [1..1] valueCodeableConcept, which SHALL be selected from ValueSet v2-0532 http://hl7.org/fhir/ValueSet/v2-0532 DYNAMIC (CONF:4393-417)."/>
            <binding>
                <strength value="required"/>
                <valueSetReference>
                    <reference value="http://hl7.org/fhir/ValueSet/v2-0532"/>
                    <display value="v2-0532"/>
                </valueSetReference>
            </binding>
        </element>
    </differential>
</StructureDefinition>