<?xml version="1.0" encoding="UTF-8"?>
<StructureDefinition
    xmlns="http://hl7.org/fhir">
    <id value="VRDR-Decedent-Disposition-Method"/>
    <meta>
        <versionId value="10"/>
        <lastUpdated value="2019-10-19T11:16:51.000-04:00"/>
        <security>
            <system value="https://trifolia-fhir.lantanagroup.com/security"/>
            <code value="everyone^write"/>
        </security>
        <security>
            <system value="https://trifolia-fhir.lantanagroup.com/security"/>
            <code value="user^bPWMtW9H^read"/>
        </security>
        <security>
            <system value="https://trifolia-fhir.lantanagroup.com/security"/>
            <code value="user^t370^read"/>
        </security>
        <security>
            <system value="https://trifolia-fhir.lantanagroup.com/security"/>
            <code value="user^t395^read"/>
        </security>
        <security>
            <system value="https://trifolia-fhir.lantanagroup.com/security"/>
            <code value="user^t395^write"/>
        </security>
        <security>
            <system value="https://trifolia-fhir.lantanagroup.com/security"/>
            <code value="user^t370^write"/>
        </security>
        <security>
            <system value="https://trifolia-fhir.lantanagroup.com/security"/>
            <code value="user^bPWMtW9H^write"/>
        </security>
        <security>
            <system value="https://trifolia-fhir.lantanagroup.com/security"/>
            <code value="everyone^read"/>
        </security>
    </meta>
    <url value="http://hl7.org/fhir/us/vrdr/StructureDefinition/VRDR_DecedentDispositionMethod"/>
    <version value="1.0"/>
    <name value="VRDR_DecedentDispositionMethod"/>
    <title value="Decedent Disposition Method"/>
    <status value="draft"/>
    <publisher value="Hi3 Solutions"/>
    <contact>
        <name value="AbdulMalik Shakir"/>
        <telecom>
            <system value="email"/>
            <value value="abdulmalik.shakir@hi3solutions.com"/>
            <use value="work"/>
        </telecom>
    </contact>
    <kind value="resource"/>
    <abstract value="false"/>
    <contextType value="resource"/>
    <context value="Observation"/>
    <type value="Observation"/>
    <baseDefinition value="http://hl7.org/fhir/StructureDefinition/Observation"/>
    <derivation value="constraint"/>
    <differential>
        <element id="Observation">
            <path value="Observation"/>
        </element>
        <element id="Observation.id">
            <path value="Observation.id"/>
            <short value="id"/>
            <definition value="SHOULD contain zero or one [0..1] id (CONF:4393-158)."/>
            <min value="0"/>
            <max value="1"/>
        </element>
        <element id="Observation.meta">
            <path value="Observation.meta"/>
            <short value="meta"/>
            <definition value="SHOULD contain zero or one [0..1] meta (CONF:4393-151)."/>
            <min value="0"/>
            <max value="1"/>
        </element>
        <element id="Observation.meta.profile">
            <path value="Observation.meta.profile"/>
            <short value="profile"/>
            <definition value="The meta, if present, SHALL contain exactly one [1..1] profile=&quot;http://hl7.org/fhir/us/vrdr/StructureDefinition/VRDR-Decedent-Disposition-Method&quot; (CONF:4393-159)."/>
            <min value="1"/>
            <max value="1"/>
            <patternString value="http://hl7.org/fhir/us/vrdr/StructureDefinition/VRDR-Decedent-Disposition-Method"/>
        </element>
        <element id="Observation.extension">
            <path value="Observation.extension"/>
            <slicing>
                <discriminator>
                    <type value="value"/>
                    <path value="url"/>
                </discriminator>
                <rules value="open"/>
            </slicing>
            <definition value="SHALL contain exactly one [1..1] extension (CONF:4393-152) such that it"/>
        </element>
        <element id="Observation.extension:DispositionLocation">
            <path value="Observation.extension"/>
            <sliceName value="DispositionLocation"/>
            <short value="extension"/>
            <definition value="SHALL contain exactly one [1..1] extension (CONF:4393-152) such that it"/>
            <min value="0"/>
            <max value="1"/>
        </element>
        <element id="Observation.extension:DispositionLocation.@url">
            <path value="Observation.extension.url"/>
            <sliceName value="DispositionLocation"/>
            <short value="@url"/>
            <definition value="SHALL contain exactly one [1..1] @url=&quot;http://hl7.org/fhir/us/vrdr/StructureDefinition/Patient-Location&quot; (CONF:4393-160)."/>
            <min value="1"/>
            <max value="1"/>
        </element>
        <element id="Observation.extension:DispositionLocation.value[x]">
            <path value="Observation.extension.value[x]"/>
            <sliceName value="DispositionLocation"/>
            <slicing>
                <discriminator>
                    <type value="type"/>
                    <path value="$this"/>
                </discriminator>
                <rules value="open"/>
            </slicing>
            <short value="value[x]"/>
            <definition value="MAY contain zero or one [0..1] value[x], where value[x] is (CONF:4393-153)"/>
            <min value="0"/>
            <max value="1"/>
            <type>
                <code value="Reference"/>
                <targetProfile value="http://hl7.org/fhir/us/vrdr/StructureDefinition/VRDR-Disposition-Location"/>
            </type>
        </element>
        <element id="Observation.status">
            <path value="Observation.status"/>
            <short value="status"/>
            <definition value="SHALL contain exactly one [1..1] status=&quot;final&quot; Final (CONF:4393-162)."/>
            <min value="1"/>
            <max value="1"/>
            <type>
                <code value="code"/>
            </type>
            <patternString value="final"/>
        </element>
        <element id="Observation.code">
            <path value="Observation.code"/>
            <short value="code"/>
            <definition value="SHALL contain exactly one [1..1] code=&quot;80905-3&quot; 	Body disposition method (CodeSystem: LOINC urn:oid:2.16.840.1.113883.6.1) (CONF:4393-163)."/>
            <min value="1"/>
            <max value="1"/>
            <type>
                <code value="CodeableConcept"/>
            </type>
            <fixedCodeableConcept>
                <coding>
                    <system value="http://loinc.org"/>
                    <code value="80905-3"/>
                    <display value="Body disposition method"/>
                </coding>
            </fixedCodeableConcept>
        </element>
        <element id="Observation.subject">
            <path value="Observation.subject"/>
            <short value="subject"/>
            <definition value="SHALL contain exactly one [1..1] subject (CONF:4393-154)."/>
            <min value="1"/>
            <max value="1"/>
        </element>
        <element id="Observation.subject.reference">
            <path value="Observation.subject.reference"/>
            <short value="reference"/>
            <definition value="This subject SHALL contain exactly one [1..1] reference (CONF:4393-164)."/>
            <min value="1"/>
            <max value="1"/>
            <patternString value="http://hl7.org/fhir/us/vrdr/StructureDefinition/VRDR-Decedent"/>
        </element>
        <element id="Observation.performer">
            <path value="Observation.performer"/>
            <short value="performer"/>
            <definition value="SHALL contain exactly one [1..1] performer (CONF:4393-155)."/>
            <min value="1"/>
            <max value="1"/>
        </element>
        <element id="Observation.performer.reference">
            <path value="Observation.performer.reference"/>
            <short value="reference"/>
            <definition value="This performer SHALL contain exactly one [1..1] reference (CONF:4393-165)."/>
            <min value="1"/>
            <max value="1"/>
            <patternString value="http://hl7.org/fhir/us/vrdr/StructureDefinition/VRDR-Mortician"/>
        </element>
        <element id="Observation.value[x]">
            <path value="Observation.value[x]"/>
            <slicing>
                <discriminator>
                    <type value="type"/>
                    <path value="$this"/>
                </discriminator>
                <rules value="open"/>
            </slicing>
            <short value="value[x]"/>
            <min value="1"/>
            <max value="1"/>
            <type>
                <code value="CodeableConcept"/>
            </type>
            <binding>
                <strength value="required"/>
                <valueSetUri value="https://phinvads.cdc.gov/vads/ViewValueSet.action?oid=2.16.840.1.114222.4.11.7379"/>
            </binding>
        </element>
        <element id="Observation.value[x]:valueCodeableConcept.coding">
            <path value="Observation.valueCodeableConcept.coding"/>
            <sliceName value="valueCodeableConcept"/>
            <short value="coding"/>
            <definition value="SHALL contain exactly one [1..1] coding, which SHALL be selected from ValueSet decedentBodyDispositionMethod http://hl7.org/fhir/us/vrdr/valueset/decedentBodyDispositionMethod (CONF:4393-166)."/>
            <min value="1"/>
            <max value="1"/>
            <binding>
                <strength value="required"/>
                <valueSetReference>
                    <reference value="http://hl7.org/fhir/us/vrdr/ValueSet/decedent-body-disposition-method"/>
                    <display value="decedentBodyDispositionMethod"/>
                </valueSetReference>
            </binding>
        </element>
    </differential>
</StructureDefinition>