<?xml version="1.0" encoding="UTF-8"?>
<StructureDefinition
    xmlns="http://hl7.org/fhir">
    <id value="VRDR-Decedent"/>
    <meta>
        <versionId value="19"/>
        <lastUpdated value="2019-10-19T10:54:08.000-04:00"/>
        <security>
            <system value="https://trifolia-fhir.lantanagroup.com/security"/>
            <code value="everyone^write"/>
        </security>
        <security>
            <system value="https://trifolia-fhir.lantanagroup.com/security"/>
            <code value="user^t370^read"/>
        </security>
        <security>
            <system value="https://trifolia-fhir.lantanagroup.com/security"/>
            <code value="user^t370^write"/>
        </security>
        <security>
            <system value="https://trifolia-fhir.lantanagroup.com/security"/>
            <code value="everyone^read"/>
        </security>
    </meta>
    <url value="http://hl7.org/fhir/us/vrdr/StructureDefinition/VRDR-Decedent"/>
    <version value="1.0"/>
    <name value="VRDR_Decedent"/>
    <status value="active"/>
    <experimental value="false"/>
    <publisher value="Hi3 Solutions"/>
    <contact>
        <name value="AbdulMalik Shakir"/>
        <telecom>
            <system value="email"/>
            <value value="abdulmalik.shakir@hi3solutions.com"/>
            <use value="work"/>
        </telecom>
    </contact>
    <kind value="resource"/>
    <abstract value="false"/>
    <contextType value="resource"/>
    <context value="Patient"/>
    <type value="Patient"/>
    <baseDefinition value="http://hl7.org/fhir/us/core/StructureDefinition/us-core-patient"/>
    <derivation value="constraint"/>
    <differential>
        <element id="Patient">
            <path value="Patient"/>
        </element>
        <element id="Patient.id">
            <path value="Patient.id"/>
            <short value="id"/>
            <definition value="MAY contain zero or one [0..1] id (CONF:4393-106)."/>
            <min value="0"/>
            <max value="1"/>
        </element>
        <element id="Patient.extension">
            <path value="Patient.extension"/>
            <slicing>
                <rules value="open"/>
            </slicing>
        </element>
        <element id="Patient.extension:race">
            <path value="Patient.extension"/>
        </element>
        <element id="Patient.extension:race.value[x]">
            <path value="Patient.extension.value[x]"/>
            <type>
                <code value="CodeableConcept"/>
            </type>
            <binding>
                <strength value="required"/>
                <valueSetUri value="https://phinvads.cdc.gov/vads/ViewValueSet.action?oid=2.16.840.1.114222.4.11.876"/>
            </binding>
        </element>
        <element id="Patient.identifier">
            <path value="Patient.identifier"/>
            <short value="identifier"/>
            <definition value="SHOULD contain zero or one [0..1] identifier (CONF:4393-6)."/>
            <min value="1"/>
            <max value="*"/>
        </element>
        <element id="Patient.identifier.type">
            <path value="Patient.identifier.type"/>
            <short value="type"/>
            <definition value="The identifier, if present, SHALL contain exactly one [1..1] type=&quot;BR&quot; Social Beneficiary Identifier (CONF:4393-27)."/>
            <min value="1"/>
            <max value="1"/>
            <fixedCodeableConcept>
                <coding>
                    <code value="BR"/>
                    <display value="Social Beneficiary Identifier"/>
                </coding>
            </fixedCodeableConcept>
        </element>
        <element id="Patient.identifier.system">
            <path value="Patient.identifier.system"/>
            <short value="system"/>
            <definition value="The identifier, if present, SHOULD contain zero or one [0..1] system=&quot;2.16.840.1.113883.4.1&quot; United States of America Social Security Number (CONF:4393-28)."/>
            <min value="0"/>
            <max value="1"/>
            <patternString value="2.16.840.1.113883.4.1"/>
        </element>
        <element id="Patient.identifier.value">
            <path value="Patient.identifier.value"/>
            <short value="value"/>
            <definition value="The identifier, if present, SHALL contain exactly one [1..1] value (CONF:4393-29)."/>
            <min value="1"/>
            <max value="1"/>
        </element>
        <element id="Patient.name">
            <path value="Patient.name"/>
            <slicing>
                <discriminator>
                    <type value="value"/>
                    <path value="use"/>
                </discriminator>
                <rules value="open"/>
            </slicing>
            <definition value="SHALL contain exactly one [1..1] name (CONF:4393-43) such that it"/>
        </element>
        <element id="Patient.name:officialName">
            <path value="Patient.name"/>
            <sliceName value="officialName"/>
            <short value="name"/>
            <definition value="SHALL contain exactly one [1..1] name (CONF:4393-1) such that it"/>
            <min value="1"/>
            <max value="1"/>
        </element>
        <element id="Patient.name:officialName.use">
            <path value="Patient.name.use"/>
            <sliceName value="officialName"/>
            <short value="use"/>
            <definition value="SHALL contain exactly one [1..1] use=&quot;official&quot; Official (CONF:4393-2)."/>
            <min value="1"/>
            <max value="1"/>
            <patternString value="official"/>
        </element>
        <element id="Patient.name:officialName.family">
            <path value="Patient.name.family"/>
            <sliceName value="officialName"/>
            <short value="family"/>
            <definition value="SHOULD contain zero or one [0..1] family (CONF:4393-3)."/>
            <min value="0"/>
            <max value="1"/>
        </element>
        <element id="Patient.name:officialName.given">
            <path value="Patient.name.given"/>
            <sliceName value="officialName"/>
            <short value="given"/>
            <definition value="SHOULD contain zero or more [0..*] given (CONF:4393-4)."/>
            <min value="0"/>
            <max value="*"/>
        </element>
        <element id="Patient.name:nickname">
            <path value="Patient.name"/>
            <sliceName value="nickname"/>
            <short value="name"/>
            <definition value="SHALL contain exactly one [1..1] name (CONF:4393-43) such that it"/>
            <min value="1"/>
            <max value="*"/>
        </element>
        <element id="Patient.name:nickname.use">
            <path value="Patient.name.use"/>
            <sliceName value="nickname"/>
            <short value="use"/>
            <definition value="SHALL contain exactly one [1..1] use=&quot;nickname&quot; Nickname (CONF:4393-46)."/>
            <min value="1"/>
            <max value="1"/>
            <patternString value="nickname"/>
        </element>
        <element id="Patient.name:nickname.family">
            <path value="Patient.name.family"/>
            <sliceName value="nickname"/>
            <short value="family"/>
            <definition value="SHOULD contain zero or one [0..1] family (CONF:4393-47)."/>
            <min value="0"/>
            <max value="1"/>
        </element>
        <element id="Patient.name:nickname.given">
            <path value="Patient.name.given"/>
            <sliceName value="nickname"/>
            <short value="given"/>
            <definition value="SHOULD contain zero or more [0..*] given (CONF:4393-48)."/>
            <min value="0"/>
            <max value="*"/>
        </element>
        <element id="Patient.gender">
            <path value="Patient.gender"/>
            <short value="gender"/>
            <definition value="SHALL contain exactly one [1..1] gender, which SHALL be selected from ValueSet FHIR AdministrativeGender http://hl7.org/fhir/v3/vs/AdministrativeGender DYNAMIC (CONF:4393-7)."/>
            <min value="1"/>
            <max value="1"/>
            <type>
                <code value="code"/>
            </type>
            <binding>
                <strength value="required"/>
                <valueSetReference>
                    <reference value="http://hl7.org/fhir/ValueSet/administrative-gender"/>
                    <display value="FHIR AdministrativeGender"/>
                </valueSetReference>
            </binding>
        </element>
        <element id="Patient.birthDate">
            <path value="Patient.birthDate"/>
            <short value="birthDate"/>
            <definition value="SHOULD contain zero or one [0..1] birthDate (CONF:4393-8)."/>
            <min value="0"/>
            <max value="1"/>
        </element>
        <element id="Patient.address">
            <path value="Patient.address"/>
            <slicing>
                <rules value="open"/>
            </slicing>
            <definition value="SHALL contain zero or one [0..1] address (CONF:4393-35) such that it"/>
        </element>
        <element id="Patient.address:homeAddress.extension">
            <path value="Patient.address.extension"/>
            <sliceName value="homeAddress"/>
            <short value="extension"/>
            <definition value="SHALL contain exactly one [1..1] extension (CONF:4393-36)."/>
            <min value="1"/>
            <max value="1"/>
        </element>
        <element id="Patient.address:homeAddress.extension.@url">
            <path value="Patient.address.extension.url"/>
            <sliceName value="homeAddress"/>
            <short value="@url"/>
            <definition value="This extension SHALL contain exactly one [1..1] @url=&quot;http://hl7.org/fhir/us/vrdr/StructureDefinition/Within-City-Limits-Indicator&quot; (CONF:4393-108)."/>
            <min value="1"/>
            <max value="1"/>
        </element>
        <element id="Patient.address:homeAddress.extension.value[x]">
            <path value="Patient.address.extension.value[x]"/>
            <sliceName value="homeAddress"/>
            <slicing>
                <discriminator>
                    <type value="type"/>
                    <path value="$this"/>
                </discriminator>
                <rules value="open"/>
            </slicing>
            <short value="value[x]"/>
            <definition value="This extension SHALL contain exactly one [1..1] value[x], where value[x] is (CONF:4393-105)"/>
            <min value="1"/>
            <max value="1"/>
        </element>
        <element id="Patient.address:homeAddress.extension.value[x]:valueBoolean">
            <path value="Patient.address.extension.valueBoolean"/>
            <sliceName value="valueBoolean"/>
            <short value="valueBoolean"/>
            <definition value="This extension SHALL contain exactly one [1..1] valueBoolean (CONF:4393-109)."/>
        </element>
        <element id="Patient.address:homeAddress.use">
            <path value="Patient.address.use"/>
            <sliceName value="homeAddress"/>
            <short value="use"/>
            <definition value="SHALL contain zero or one [0..1] use=&quot;H&quot; Home (CONF:4393-37)."/>
            <min value="0"/>
            <max value="1"/>
            <fixedString value="H"/>
        </element>
        <element id="Patient.address:homeAddress.type">
            <path value="Patient.address.type"/>
            <sliceName value="homeAddress"/>
            <short value="type"/>
            <definition value="SHOULD contain zero or one [0..1] type (CONF:4393-38)."/>
            <min value="0"/>
            <max value="1"/>
        </element>
        <element id="Patient.address:homeAddress.line">
            <path value="Patient.address.line"/>
            <sliceName value="homeAddress"/>
            <short value="line"/>
            <definition value="SHALL contain at least one [1..*] line (CONF:4393-39)."/>
            <min value="1"/>
            <max value="*"/>
        </element>
        <element id="Patient.address:homeAddress.city">
            <path value="Patient.address.city"/>
            <sliceName value="homeAddress"/>
            <short value="city"/>
            <definition value="MAY contain zero or one [0..1] city (CONF:4393-40)."/>
            <min value="0"/>
            <max value="1"/>
        </element>
    </differential>
</StructureDefinition>