{"resourceType":"Condition","id":"example","meta":{"profile":["http://hl7.org/fhir/us/core/StructureDefinition/us-core-condition"]},"text":{"status":"generated","div":"<div xmlns=\"http://www.w3.org/1999/xhtml\"><p><b>Generated Narrative with Details</b></p><p><b>id</b>: example</p><p><b>meta</b>: </p><p><b>clinicalStatus</b>: active</p><p><b>verificationStatus</b>: confirmed</p><p><b>category</b>: Problem <span style=\"background: LightGoldenRodYellow\">(Details : {http://hl7.org/fhir/condition-category code 'problem-list-item' = 'Problem List Item', given as 'Problem List Item'})</span></p><p><b>code</b>: Single liveborn, born in hospital <span style=\"background: LightGoldenRodYellow\">(Details : {SNOMED CT code '442311008' = 'Liveborn born in hospital', given as 'Liveborn born in hospital'})</span></p><p><b>subject</b>: <a href=\"Patient-example.html\">Amy V. Shaw. Generated Summary: id: example; Medical Record Number = 1032702 (USUAL); active; Amy V. Shaw ; ph: 555-555-5555(HOME), amy.shaw@example.com; gender: female; birthDate: 20/02/2007</a></p><p><b>assertedDate</b>: 10/08/2016</p></div>"},"clinicalStatus":"active","verificationStatus":"confirmed","category":[{"coding":[{"system":"http://hl7.org/fhir/condition-category","code":"problem-list-item","display":"Problem List Item"}],"text":"Problem"}],"code":{"coding":[{"system":"http://snomed.info/sct","code":"442311008","display":"Liveborn born in hospital"}],"text":"Single liveborn, born in hospital"},"subject":{"reference":"Patient/example","display":"Amy V. Shaw"},"assertedDate":"2016-08-10"}