{"resourceType":"Medication","id":"uscore-med1","meta":{"profile":["http://hl7.org/fhir/us/core/StructureDefinition/us-core-medication"]},"text":{"status":"generated","div":"<div xmlns=\"http://www.w3.org/1999/xhtml\"><p><b>Generated Narrative with Details</b></p><p><b>id</b>: uscore-med1</p><p><b>meta</b>: </p><p><b>code</b>: Prinivil 10 MG Oral Tablet <span style=\"background: LightGoldenRodYellow\">(Details : {RxNorm code '206765' = 'Prinivil 10 MG Oral Tablet', given as 'Prinivil 10 MG Oral Tablet'})</span></p></div>"},"code":{"coding":[{"system":"http://www.nlm.nih.gov/research/umls/rxnorm","code":"206765","display":"Prinivil 10 MG Oral Tablet"}],"text":"Prinivil 10 MG Oral Tablet"}}