{"resourceType":"Observation","id":"temperature","meta":{"profile":["http://hl7.org/fhir/StructureDefinition/vitalsigns"]},"text":{"status":"generated","div":"<div xmlns=\"http://www.w3.org/1999/xhtml\"><p><b>Generated Narrative with Details</b></p><p><b>id</b>: temperature</p><p><b>meta</b>: </p><p><b>status</b>: final</p><p><b>category</b>: Vital Signs <span style=\"background: LightGoldenRodYellow\">(Details : {http://hl7.org/fhir/observation-category code 'vital-signs' = 'Vital Signs', given as 'Vital Signs'})</span></p><p><b>code</b>: temperature <span style=\"background: LightGoldenRodYellow\">(Details : {LOINC code '8310-5' = 'Body temperature', given as 'Body temperature'})</span></p><p><b>subject</b>: <a href=\"Patient-example.html\">Amy Shaw. Generated Summary: id: example; Medical Record Number = 1032702 (USUAL); active; Amy V. Shaw ; ph: 555-555-5555(HOME), amy.shaw@example.com; gender: female; birthDate: 20/02/2007</a></p><p><b>context</b>: GP Visit</p><p><b>effective</b>: 02/07/1999</p><p><b>value</b>: 36.55556 Cel<span style=\"background: LightGoldenRodYellow\"> (Details: UCUM code Cel = 'Cel')</span></p></div>"},"status":"final","category":[{"coding":[{"system":"http://hl7.org/fhir/observation-category","code":"vital-signs","display":"Vital Signs"}],"text":"Vital Signs"}],"code":{"coding":[{"system":"http://loinc.org","code":"8310-5","display":"Body temperature"}],"text":"temperature"},"subject":{"reference":"Patient/example","display":"Amy Shaw"},"context":{"display":"GP Visit"},"effectiveDateTime":"1999-07-02","valueQuantity":{"value":36.55556,"unit":"Cel","system":"http://unitsofmeasure.org","code":"Cel"}}